[Header],,,,,,,,,
IEMFileVersion,4,,,,,,,,
Investigator Name,Carl Bannerman,,,,,,,,
Experiment Name,cb_tagmentation_library_07222021,,,,,,,,
Date,7222021,,,,,,,,
Workflow,GenerateFASTQ,,,,,,,,
Application,FASTQ Only,,,,,,,,
Assay,Nextera XT,,,,,,,,
Description,,,,,,,,,
Chemistry,,,,,,,,,
,,,,,,,,,
[Reads],,,,,,,,,
151,,,,,,,,,
151,,,,,,,,,
,,,,,,,,,
[Settings],,,,,,,,,
ReverseComplement,0,,,,,,,,
Adapter,CTGTCTCTTATACACATCT,,,,,,,,
,,,,,,,,,
[Data],,,,,,,,,
Sample_ID,Sample_Name,Sample_Plate,Sample_Well,I7_Index_ID,index,I5_Index_ID,index2,Sample_Project,Description
GTSP4322,8003_plasmid,,,,TAATGTGTCT,,TATGCCTTAC,,
GTSP4325,8003_vector_plusklenow,,,,CCTGCGGAAC,,AGCCTATGAT,,
GTSP4328,8003_vector_noklenow,,,,TGTCGCTGGT,,AGTCAGACGA,,
NoTemplateControl,water_control,,,,GTCCGTAAGC,,AAGATACACG,,
