subject	sample	replicate	adriftRead.linkerBarcode.start	adriftRead.linkerBarcode.end	adriftRead.linker.seq	index1.seq	anchorRead.identification	anchorRead.seqFilter.file	refGenome.id	adriftRead.linkerRandomID.start	adriftRead.linkerRandomID.end
pAAV8-TTRm-8003-plasmid-1	GTSP4322	1	1	21	CTTCAGACATATAGTCGCTCGNNNNNNNNNNNNCTCCGCTTAAGGGACT	AGCTCTCAGAGG	p5:TTCCTACGCGTGTCTGTCTGCACATTTCGTAGAGCGAGTGTTCCGATACTCTAATCTCCCTAGGCAAGGTTCATATTGACTTAGGTTACTTATTCTCCTTTTGTTGACTAAGTCAATAATCAGAATCAGCAGGTTTGGAGTCAGCTTGGCAGGGATCAGCAGCCTGGGTTGGAAGGAGGGGGTATAAAAGCCCCTTCACC,p3:TTCCTACACAAAAAACCAACACACAGATCTCTAGAGCTCTGATCTTTTATTGCGGCCGCTCAGTACAGATCCTGGGCCTCACAGCCCAGCACCTCCATCCTCAGGGCAATCTGGTGCACCCAGCTCTGGGGGTGGATCCTCAGGTACCTGGTCAGCAGGGGGGGGTCCAGGCTGTTCACCACTGGGGTGAAGCTATCCTG	NA	mm9	22	33
pAAV8-TTRm-8003-plasmid-1	GTSP4322	2	1	21	CTTCAGACATATAGTCGCTCGNNNNNNNNNNNNCTCCGCTTAAGGGACT	GAGAGCTCTACG	p5:TTCCTACGCGTGTCTGTCTGCACATTTCGTAGAGCGAGTGTTCCGATACTCTAATCTCCCTAGGCAAGGTTCATATTGACTTAGGTTACTTATTCTCCTTTTGTTGACTAAGTCAATAATCAGAATCAGCAGGTTTGGAGTCAGCTTGGCAGGGATCAGCAGCCTGGGTTGGAAGGAGGGGGTATAAAAGCCCCTTCACC,p3:TTCCTACACAAAAAACCAACACACAGATCTCTAGAGCTCTGATCTTTTATTGCGGCCGCTCAGTACAGATCCTGGGCCTCACAGCCCAGCACCTCCATCCTCAGGGCAATCTGGTGCACCCAGCTCTGGGGGTGGATCCTCAGGTACCTGGTCAGCAGGGGGGGGTCCAGGCTGTTCACCACTGGGGTGAAGCTATCCTG	NA	mm9	22	33
pAAV8-TTRm-8003-plasmid-2	GTSP4323	1	1	21	TCGATACGTCTATTAGGGCACNNNNNNNNNNNNCTCCGCTTAAGGGACT	TAACTTGCGGAC	p5:TTCCTACGCGTGTCTGTCTGCACATTTCGTAGAGCGAGTGTTCCGATACTCTAATCTCCCTAGGCAAGGTTCATATTGACTTAGGTTACTTATTCTCCTTTTGTTGACTAAGTCAATAATCAGAATCAGCAGGTTTGGAGTCAGCTTGGCAGGGATCAGCAGCCTGGGTTGGAAGGAGGGGGTATAAAAGCCCCTTCACC,p3:TTCCTACACAAAAAACCAACACACAGATCTCTAGAGCTCTGATCTTTTATTGCGGCCGCTCAGTACAGATCCTGGGCCTCACAGCCCAGCACCTCCATCCTCAGGGCAATCTGGTGCACCCAGCTCTGGGGGTGGATCCTCAGGTACCTGGTCAGCAGGGGGGGGTCCAGGCTGTTCACCACTGGGGTGAAGCTATCCTG	NA	mm9	22	33
pAAV8-TTRm-8003-plasmid-2	GTSP4323	2	1	21	TCGATACGTCTATTAGGGCACNNNNNNNNNNNNCTCCGCTTAAGGGACT	GGTTCTTATGAC	p5:TTCCTACGCGTGTCTGTCTGCACATTTCGTAGAGCGAGTGTTCCGATACTCTAATCTCCCTAGGCAAGGTTCATATTGACTTAGGTTACTTATTCTCCTTTTGTTGACTAAGTCAATAATCAGAATCAGCAGGTTTGGAGTCAGCTTGGCAGGGATCAGCAGCCTGGGTTGGAAGGAGGGGGTATAAAAGCCCCTTCACC,p3:TTCCTACACAAAAAACCAACACACAGATCTCTAGAGCTCTGATCTTTTATTGCGGCCGCTCAGTACAGATCCTGGGCCTCACAGCCCAGCACCTCCATCCTCAGGGCAATCTGGTGCACCCAGCTCTGGGGGTGGATCCTCAGGTACCTGGTCAGCAGGGGGGGGTCCAGGCTGTTCACCACTGGGGTGAAGCTATCCTG	NA	mm9	22	33
pAAV8-TTRm-8003-plasmid-3	GTSP4324	1	1	21	GATCACAATACGTAACCTGCCNNNNNNNNNNNNCTCCGCTTAAGGGACT	GGAAAGTCGAAG	p5:TTCCTACGCGTGTCTGTCTGCACATTTCGTAGAGCGAGTGTTCCGATACTCTAATCTCCCTAGGCAAGGTTCATATTGACTTAGGTTACTTATTCTCCTTTTGTTGACTAAGTCAATAATCAGAATCAGCAGGTTTGGAGTCAGCTTGGCAGGGATCAGCAGCCTGGGTTGGAAGGAGGGGGTATAAAAGCCCCTTCACC,p3:TTCCTACACAAAAAACCAACACACAGATCTCTAGAGCTCTGATCTTTTATTGCGGCCGCTCAGTACAGATCCTGGGCCTCACAGCCCAGCACCTCCATCCTCAGGGCAATCTGGTGCACCCAGCTCTGGGGGTGGATCCTCAGGTACCTGGTCAGCAGGGGGGGGTCCAGGCTGTTCACCACTGGGGTGAAGCTATCCTG	NA	mm9	22	33
pAAV8-TTRm-8003-plasmid-3	GTSP4324	2	1	21	GATCACAATACGTAACCTGCCNNNNNNNNNNNNCTCCGCTTAAGGGACT	TGCAGAGCTCAG	p5:TTCCTACGCGTGTCTGTCTGCACATTTCGTAGAGCGAGTGTTCCGATACTCTAATCTCCCTAGGCAAGGTTCATATTGACTTAGGTTACTTATTCTCCTTTTGTTGACTAAGTCAATAATCAGAATCAGCAGGTTTGGAGTCAGCTTGGCAGGGATCAGCAGCCTGGGTTGGAAGGAGGGGGTATAAAAGCCCCTTCACC,p3:TTCCTACACAAAAAACCAACACACAGATCTCTAGAGCTCTGATCTTTTATTGCGGCCGCTCAGTACAGATCCTGGGCCTCACAGCCCAGCACCTCCATCCTCAGGGCAATCTGGTGCACCCAGCTCTGGGGGTGGATCCTCAGGTACCTGGTCAGCAGGGGGGGGTCCAGGCTGTTCACCACTGGGGTGAAGCTATCCTG	NA	mm9	22	33
pAAV8-TTRm-8003-Vector_Klenow-1	GTSP4325	1	1	21	CACATCTTACGAAACATGGGCNNNNNNNNNNNNCTCCGCTTAAGGGACT	GATCCGACACTA	p5:TTCCTACGCGTGTCTGTCTGCACATTTCGTAGAGCGAGTGTTCCGATACTCTAATCTCCCTAGGCAAGGTTCATATTGACTTAGGTTACTTATTCTCCTTTTGTTGACTAAGTCAATAATCAGAATCAGCAGGTTTGGAGTCAGCTTGGCAGGGATCAGCAGCCTGGGTTGGAAGGAGGGGGTATAAAAGCCCCTTCACC,p3:TTCCTACACAAAAAACCAACACACAGATCTCTAGAGCTCTGATCTTTTATTGCGGCCGCTCAGTACAGATCCTGGGCCTCACAGCCCAGCACCTCCATCCTCAGGGCAATCTGGTGCACCCAGCTCTGGGGGTGGATCCTCAGGTACCTGGTCAGCAGGGGGGGGTCCAGGCTGTTCACCACTGGGGTGAAGCTATCCTG	NA	mm9	22	33
pAAV8-TTRm-8003-Vector_Klenow-1	GTSP4325	2	1	21	CACATCTTACGAAACATGGGCNNNNNNNNNNNNCTCCGCTTAAGGGACT	TACTAGGGCTTG	p5:TTCCTACGCGTGTCTGTCTGCACATTTCGTAGAGCGAGTGTTCCGATACTCTAATCTCCCTAGGCAAGGTTCATATTGACTTAGGTTACTTATTCTCCTTTTGTTGACTAAGTCAATAATCAGAATCAGCAGGTTTGGAGTCAGCTTGGCAGGGATCAGCAGCCTGGGTTGGAAGGAGGGGGTATAAAAGCCCCTTCACC,p3:TTCCTACACAAAAAACCAACACACAGATCTCTAGAGCTCTGATCTTTTATTGCGGCCGCTCAGTACAGATCCTGGGCCTCACAGCCCAGCACCTCCATCCTCAGGGCAATCTGGTGCACCCAGCTCTGGGGGTGGATCCTCAGGTACCTGGTCAGCAGGGGGGGGTCCAGGCTGTTCACCACTGGGGTGAAGCTATCCTG	NA	mm9	22	33
pAAV8-TTRm-8003-Vector_Klenow-2	GTSP4326	1	1	20	CGAAACGTGAATGGCGGATGNNNNNNNNNNNNCTCCGCTTAAGGGACT	CGCGTAACTGTA	p5:TTCCTACGCGTGTCTGTCTGCACATTTCGTAGAGCGAGTGTTCCGATACTCTAATCTCCCTAGGCAAGGTTCATATTGACTTAGGTTACTTATTCTCCTTTTGTTGACTAAGTCAATAATCAGAATCAGCAGGTTTGGAGTCAGCTTGGCAGGGATCAGCAGCCTGGGTTGGAAGGAGGGGGTATAAAAGCCCCTTCACC,p3:TTCCTACACAAAAAACCAACACACAGATCTCTAGAGCTCTGATCTTTTATTGCGGCCGCTCAGTACAGATCCTGGGCCTCACAGCCCAGCACCTCCATCCTCAGGGCAATCTGGTGCACCCAGCTCTGGGGGTGGATCCTCAGGTACCTGGTCAGCAGGGGGGGGTCCAGGCTGTTCACCACTGGGGTGAAGCTATCCTG	NA	mm9	21	32
pAAV8-TTRm-8003-Vector_Klenow-2	GTSP4326	2	1	20	CGAAACGTGAATGGCGGATGNNNNNNNNNNNNCTCCGCTTAAGGGACT	ACACATGTCTAC	p5:TTCCTACGCGTGTCTGTCTGCACATTTCGTAGAGCGAGTGTTCCGATACTCTAATCTCCCTAGGCAAGGTTCATATTGACTTAGGTTACTTATTCTCCTTTTGTTGACTAAGTCAATAATCAGAATCAGCAGGTTTGGAGTCAGCTTGGCAGGGATCAGCAGCCTGGGTTGGAAGGAGGGGGTATAAAAGCCCCTTCACC,p3:TTCCTACACAAAAAACCAACACACAGATCTCTAGAGCTCTGATCTTTTATTGCGGCCGCTCAGTACAGATCCTGGGCCTCACAGCCCAGCACCTCCATCCTCAGGGCAATCTGGTGCACCCAGCTCTGGGGGTGGATCCTCAGGTACCTGGTCAGCAGGGGGGGGTCCAGGCTGTTCACCACTGGGGTGAAGCTATCCTG	NA	mm9	21	32
pAAV8-TTRm-8003-Vector_Klenow-3	GTSP4327	1	1	20	TGCTTTCGCGTGATCGAACCNNNNNNNNNNNNCTCCGCTTAAGGGACT	TGGCAGTTTGTT	p5:TTCCTACGCGTGTCTGTCTGCACATTTCGTAGAGCGAGTGTTCCGATACTCTAATCTCCCTAGGCAAGGTTCATATTGACTTAGGTTACTTATTCTCCTTTTGTTGACTAAGTCAATAATCAGAATCAGCAGGTTTGGAGTCAGCTTGGCAGGGATCAGCAGCCTGGGTTGGAAGGAGGGGGTATAAAAGCCCCTTCACC,p3:TTCCTACACAAAAAACCAACACACAGATCTCTAGAGCTCTGATCTTTTATTGCGGCCGCTCAGTACAGATCCTGGGCCTCACAGCCCAGCACCTCCATCCTCAGGGCAATCTGGTGCACCCAGCTCTGGGGGTGGATCCTCAGGTACCTGGTCAGCAGGGGGGGGTCCAGGCTGTTCACCACTGGGGTGAAGCTATCCTG	NA	mm9	21	32
pAAV8-TTRm-8003-Vector_Klenow-3	GTSP4327	2	1	20	TGCTTTCGCGTGATCGAACCNNNNNNNNNNNNCTCCGCTTAAGGGACT	CACTGGTATATC	p5:TTCCTACGCGTGTCTGTCTGCACATTTCGTAGAGCGAGTGTTCCGATACTCTAATCTCCCTAGGCAAGGTTCATATTGACTTAGGTTACTTATTCTCCTTTTGTTGACTAAGTCAATAATCAGAATCAGCAGGTTTGGAGTCAGCTTGGCAGGGATCAGCAGCCTGGGTTGGAAGGAGGGGGTATAAAAGCCCCTTCACC,p3:TTCCTACACAAAAAACCAACACACAGATCTCTAGAGCTCTGATCTTTTATTGCGGCCGCTCAGTACAGATCCTGGGCCTCACAGCCCAGCACCTCCATCCTCAGGGCAATCTGGTGCACCCAGCTCTGGGGGTGGATCCTCAGGTACCTGGTCAGCAGGGGGGGGTCCAGGCTGTTCACCACTGGGGTGAAGCTATCCTG	NA	mm9	21	32
pAAV8-TTRm-8003-Vector-1	GTSP4328	1	1	20	GCTACGTTCGGAGAACATCCNNNNNNNNNNNNCTCCGCTTAAGGGACT	CGTTCAATCCAA	p5:TTCCTACGCGTGTCTGTCTGCACATTTCGTAGAGCGAGTGTTCCGATACTCTAATCTCCCTAGGCAAGGTTCATATTGACTTAGGTTACTTATTCTCCTTTTGTTGACTAAGTCAATAATCAGAATCAGCAGGTTTGGAGTCAGCTTGGCAGGGATCAGCAGCCTGGGTTGGAAGGAGGGGGTATAAAAGCCCCTTCACC,p3:TTCCTACACAAAAAACCAACACACAGATCTCTAGAGCTCTGATCTTTTATTGCGGCCGCTCAGTACAGATCCTGGGCCTCACAGCCCAGCACCTCCATCCTCAGGGCAATCTGGTGCACCCAGCTCTGGGGGTGGATCCTCAGGTACCTGGTCAGCAGGGGGGGGTCCAGGCTGTTCACCACTGGGGTGAAGCTATCCTG	NA	mm9	21	32
pAAV8-TTRm-8003-Vector-1	GTSP4328	2	1	20	GCTACGTTCGGAGAACATCCNNNNNNNNNNNNCTCCGCTTAAGGGACT	GTAGTGTCTAGC	p5:TTCCTACGCGTGTCTGTCTGCACATTTCGTAGAGCGAGTGTTCCGATACTCTAATCTCCCTAGGCAAGGTTCATATTGACTTAGGTTACTTATTCTCCTTTTGTTGACTAAGTCAATAATCAGAATCAGCAGGTTTGGAGTCAGCTTGGCAGGGATCAGCAGCCTGGGTTGGAAGGAGGGGGTATAAAAGCCCCTTCACC,p3:TTCCTACACAAAAAACCAACACACAGATCTCTAGAGCTCTGATCTTTTATTGCGGCCGCTCAGTACAGATCCTGGGCCTCACAGCCCAGCACCTCCATCCTCAGGGCAATCTGGTGCACCCAGCTCTGGGGGTGGATCCTCAGGTACCTGGTCAGCAGGGGGGGGTCCAGGCTGTTCACCACTGGGGTGAAGCTATCCTG	NA	mm9	21	32
pAAV8-TTRm-8003-Vector-2	GTSP4329	1	1	20	AGGTTCGACACCTAGTGGAGNNNNNNNNNNNNCTCCGCTTAAGGGACT	GCCGTTCTTCCA	p5:TTCCTACGCGTGTCTGTCTGCACATTTCGTAGAGCGAGTGTTCCGATACTCTAATCTCCCTAGGCAAGGTTCATATTGACTTAGGTTACTTATTCTCCTTTTGTTGACTAAGTCAATAATCAGAATCAGCAGGTTTGGAGTCAGCTTGGCAGGGATCAGCAGCCTGGGTTGGAAGGAGGGGGTATAAAAGCCCCTTCACC,p3:TTCCTACACAAAAAACCAACACACAGATCTCTAGAGCTCTGATCTTTTATTGCGGCCGCTCAGTACAGATCCTGGGCCTCACAGCCCAGCACCTCCATCCTCAGGGCAATCTGGTGCACCCAGCTCTGGGGGTGGATCCTCAGGTACCTGGTCAGCAGGGGGGGGTCCAGGCTGTTCACCACTGGGGTGAAGCTATCCTG	NA	mm9	21	32
pAAV8-TTRm-8003-Vector-2	GTSP4329	2	1	20	AGGTTCGACACCTAGTGGAGNNNNNNNNNNNNCTCCGCTTAAGGGACT	GAGTTAGGGAAG	p5:TTCCTACGCGTGTCTGTCTGCACATTTCGTAGAGCGAGTGTTCCGATACTCTAATCTCCCTAGGCAAGGTTCATATTGACTTAGGTTACTTATTCTCCTTTTGTTGACTAAGTCAATAATCAGAATCAGCAGGTTTGGAGTCAGCTTGGCAGGGATCAGCAGCCTGGGTTGGAAGGAGGGGGTATAAAAGCCCCTTCACC,p3:TTCCTACACAAAAAACCAACACACAGATCTCTAGAGCTCTGATCTTTTATTGCGGCCGCTCAGTACAGATCCTGGGCCTCACAGCCCAGCACCTCCATCCTCAGGGCAATCTGGTGCACCCAGCTCTGGGGGTGGATCCTCAGGTACCTGGTCAGCAGGGGGGGGTCCAGGCTGTTCACCACTGGGGTGAAGCTATCCTG	NA	mm9	21	32
pAAV8-TTRm-8003-Vector-3	GTSP4330	1	1	20	GCTATCTGTTCGCGTAGACCNNNNNNNNNNNNCTCCGCTTAAGGGACT	GTCTTCGTCGCT	p5:TTCCTACGCGTGTCTGTCTGCACATTTCGTAGAGCGAGTGTTCCGATACTCTAATCTCCCTAGGCAAGGTTCATATTGACTTAGGTTACTTATTCTCCTTTTGTTGACTAAGTCAATAATCAGAATCAGCAGGTTTGGAGTCAGCTTGGCAGGGATCAGCAGCCTGGGTTGGAAGGAGGGGGTATAAAAGCCCCTTCACC,p3:TTCCTACACAAAAAACCAACACACAGATCTCTAGAGCTCTGATCTTTTATTGCGGCCGCTCAGTACAGATCCTGGGCCTCACAGCCCAGCACCTCCATCCTCAGGGCAATCTGGTGCACCCAGCTCTGGGGGTGGATCCTCAGGTACCTGGTCAGCAGGGGGGGGTCCAGGCTGTTCACCACTGGGGTGAAGCTATCCTG	NA	mm9	21	32
pAAV8-TTRm-8003-Vector-3	GTSP4330	2	1	20	GCTATCTGTTCGCGTAGACCNNNNNNNNNNNNCTCCGCTTAAGGGACT	TATTGCTCCTCC	p5:TTCCTACGCGTGTCTGTCTGCACATTTCGTAGAGCGAGTGTTCCGATACTCTAATCTCCCTAGGCAAGGTTCATATTGACTTAGGTTACTTATTCTCCTTTTGTTGACTAAGTCAATAATCAGAATCAGCAGGTTTGGAGTCAGCTTGGCAGGGATCAGCAGCCTGGGTTGGAAGGAGGGGGTATAAAAGCCCCTTCACC,p3:TTCCTACACAAAAAACCAACACACAGATCTCTAGAGCTCTGATCTTTTATTGCGGCCGCTCAGTACAGATCCTGGGCCTCACAGCCCAGCACCTCCATCCTCAGGGCAATCTGGTGCACCCAGCTCTGGGGGTGGATCCTCAGGTACCTGGTCAGCAGGGGGGGGTCCAGGCTGTTCACCACTGGGGTGAAGCTATCCTG	NA	mm9	21	32
NoTemplateControl1	NoTemplateControl1	1	1	20	TAGGTCGTGTACCTCAAGCGNNNNNNNNNNNNCTCCGCTTAAGGGACT	AACAGCCGGTCA	p5:TTCCTACGCGTGTCTGTCTGCACATTTCGTAGAGCGAGTGTTCCGATACTCTAATCTCCCTAGGCAAGGTTCATATTGACTTAGGTTACTTATTCTCCTTTTGTTGACTAAGTCAATAATCAGAATCAGCAGGTTTGGAGTCAGCTTGGCAGGGATCAGCAGCCTGGGTTGGAAGGAGGGGGTATAAAAGCCCCTTCACC,p3:TTCCTACACAAAAAACCAACACACAGATCTCTAGAGCTCTGATCTTTTATTGCGGCCGCTCAGTACAGATCCTGGGCCTCACAGCCCAGCACCTCCATCCTCAGGGCAATCTGGTGCACCCAGCTCTGGGGGTGGATCCTCAGGTACCTGGTCAGCAGGGGGGGGTCCAGGCTGTTCACCACTGGGGTGAAGCTATCCTG	NA	mm9	21	32
NoTemplateControl1	NoTemplateControl1	2	1	20	TAGGTCGTGTACCTCAAGCGNNNNNNNNNNNNCTCCGCTTAAGGGACT	CGATCGAGTGTT	p5:TTCCTACGCGTGTCTGTCTGCACATTTCGTAGAGCGAGTGTTCCGATACTCTAATCTCCCTAGGCAAGGTTCATATTGACTTAGGTTACTTATTCTCCTTTTGTTGACTAAGTCAATAATCAGAATCAGCAGGTTTGGAGTCAGCTTGGCAGGGATCAGCAGCCTGGGTTGGAAGGAGGGGGTATAAAAGCCCCTTCACC,p3:TTCCTACACAAAAAACCAACACACAGATCTCTAGAGCTCTGATCTTTTATTGCGGCCGCTCAGTACAGATCCTGGGCCTCACAGCCCAGCACCTCCATCCTCAGGGCAATCTGGTGCACCCAGCTCTGGGGGTGGATCCTCAGGTACCTGGTCAGCAGGGGGGGGTCCAGGCTGTTCACCACTGGGGTGAAGCTATCCTG	NA	mm9	21	32
NoTemplateControl2	NoTemplateControl2	1	1	20	GCGATTTCGCATGACGGGTANNNNNNNNNNNNCTCCGCTTAAGGGACT	GCAAGCCGATTG	p5:TTCCTACGCGTGTCTGTCTGCACATTTCGTAGAGCGAGTGTTCCGATACTCTAATCTCCCTAGGCAAGGTTCATATTGACTTAGGTTACTTATTCTCCTTTTGTTGACTAAGTCAATAATCAGAATCAGCAGGTTTGGAGTCAGCTTGGCAGGGATCAGCAGCCTGGGTTGGAAGGAGGGGGTATAAAAGCCCCTTCACC,p3:TTCCTACACAAAAAACCAACACACAGATCTCTAGAGCTCTGATCTTTTATTGCGGCCGCTCAGTACAGATCCTGGGCCTCACAGCCCAGCACCTCCATCCTCAGGGCAATCTGGTGCACCCAGCTCTGGGGGTGGATCCTCAGGTACCTGGTCAGCAGGGGGGGGTCCAGGCTGTTCACCACTGGGGTGAAGCTATCCTG	NA	mm9	21	32
NoTemplateControl2	NoTemplateControl2	2	1	20	GCGATTTCGCATGACGGGTANNNNNNNNNNNNCTCCGCTTAAGGGACT	AGGTAGTCCTCA	p5:TTCCTACGCGTGTCTGTCTGCACATTTCGTAGAGCGAGTGTTCCGATACTCTAATCTCCCTAGGCAAGGTTCATATTGACTTAGGTTACTTATTCTCCTTTTGTTGACTAAGTCAATAATCAGAATCAGCAGGTTTGGAGTCAGCTTGGCAGGGATCAGCAGCCTGGGTTGGAAGGAGGGGGTATAAAAGCCCCTTCACC,p3:TTCCTACACAAAAAACCAACACACAGATCTCTAGAGCTCTGATCTTTTATTGCGGCCGCTCAGTACAGATCCTGGGCCTCACAGCCCAGCACCTCCATCCTCAGGGCAATCTGGTGCACCCAGCTCTGGGGGTGGATCCTCAGGTACCTGGTCAGCAGGGGGGGGTCCAGGCTGTTCACCACTGGGGTGAAGCTATCCTG	NA	mm9	21	32
NoTemplateControl3	NoTemplateControl3	1	1	20	CATCCGGTGAACGTTTGGGANNNNNNNNNNNNCTCCGCTTAAGGGACT	TCCTACTCCGGT	p5:TTCCTACGCGTGTCTGTCTGCACATTTCGTAGAGCGAGTGTTCCGATACTCTAATCTCCCTAGGCAAGGTTCATATTGACTTAGGTTACTTATTCTCCTTTTGTTGACTAAGTCAATAATCAGAATCAGCAGGTTTGGAGTCAGCTTGGCAGGGATCAGCAGCCTGGGTTGGAAGGAGGGGGTATAAAAGCCCCTTCACC,p3:TTCCTACACAAAAAACCAACACACAGATCTCTAGAGCTCTGATCTTTTATTGCGGCCGCTCAGTACAGATCCTGGGCCTCACAGCCCAGCACCTCCATCCTCAGGGCAATCTGGTGCACCCAGCTCTGGGGGTGGATCCTCAGGTACCTGGTCAGCAGGGGGGGGTCCAGGCTGTTCACCACTGGGGTGAAGCTATCCTG	NA	mm9	21	32
NoTemplateControl3	NoTemplateControl3	2	1	20	CATCCGGTGAACGTTTGGGANNNNNNNNNNNNCTCCGCTTAAGGGACT	ATTTGGGTCATC	p5:TTCCTACGCGTGTCTGTCTGCACATTTCGTAGAGCGAGTGTTCCGATACTCTAATCTCCCTAGGCAAGGTTCATATTGACTTAGGTTACTTATTCTCCTTTTGTTGACTAAGTCAATAATCAGAATCAGCAGGTTTGGAGTCAGCTTGGCAGGGATCAGCAGCCTGGGTTGGAAGGAGGGGGTATAAAAGCCCCTTCACC,p3:TTCCTACACAAAAAACCAACACACAGATCTCTAGAGCTCTGATCTTTTATTGCGGCCGCTCAGTACAGATCCTGGGCCTCACAGCCCAGCACCTCCATCCTCAGGGCAATCTGGTGCACCCAGCTCTGGGGGTGGATCCTCAGGTACCTGGTCAGCAGGGGGGGGTCCAGGCTGTTCACCACTGGGGTGAAGCTATCCTG	NA	mm9	21	32
