[Header],,,,,,,,
IEMFileVersion,4,,,,,,,
Investigator Name,,,,,,,,
Experiment Name,Carl Bannerman; AAV_ITR_IN_071521,,,,,,,
Date,7/15/21,,,,,,,
Workflow,GenerateFASTQ,,,,,,,
Application,FASTQ Only,,,,,,,
Assay,TruSeq LT,,,,,,,
Description,,,,,,,,
Chemistry,Default,,,,,,,
,,,,,,,,
[Reads],,,,,,,,
251,,,,,,,,
251,,,,,,,,
,,,,,,,,
[Settings],,,,,,,,
ReverseComplement,0,,,,,,,
,,,,,,,,
[Data],,,,,,,,
Sample_ID,Description,I7_Index_ID,index,Sample_Project,,,,
AAVITR-071521,,TTTTTTTTTTTT,TTTTTTTTTTTT,,,,,
,,,,,,,,
[metaData],,,,,,,,
alias,linkerSequence,bcSeq,gender,primer,ltrBit,largeLTRFrag,vectorSeq,refGenome
GTSP4322-1,CTTCAGACATATAGTCGCTCGNNNNNNNNNNNNCTCCGCTTAAGGGACT,AGCTCTCAGAGG,m,NNN,NNN,NNN,,canFam3
GTSP4322-2,CTTCAGACATATAGTCGCTCGNNNNNNNNNNNNCTCCGCTTAAGGGACT,GAGAGCTCTACG,m,NNN,NNN,NNN,,canFam3
GTSP4323-1,TCGATACGTCTATTAGGGCACNNNNNNNNNNNNCTCCGCTTAAGGGACT,TAACTTGCGGAC,m,NNN,NNN,NNN,,canFam3
GTSP4323-2,TCGATACGTCTATTAGGGCACNNNNNNNNNNNNCTCCGCTTAAGGGACT,GGTTCTTATGAC,m,NNN,NNN,NNN,,canFam3
GTSP4324-1,GATCACAATACGTAACCTGCCNNNNNNNNNNNNCTCCGCTTAAGGGACT,GGAAAGTCGAAG,m,NNN,NNN,NNN,,canFam3
GTSP4324-2,GATCACAATACGTAACCTGCCNNNNNNNNNNNNCTCCGCTTAAGGGACT,TGCAGAGCTCAG,m,NNN,NNN,NNN,,canFam3
GTSP4325-1,CACATCTTACGAAACATGGGCNNNNNNNNNNNNCTCCGCTTAAGGGACT,GATCCGACACTA,m,NNN,NNN,NNN,,canFam3
GTSP4325-2,CACATCTTACGAAACATGGGCNNNNNNNNNNNNCTCCGCTTAAGGGACT,TACTAGGGCTTG,m,NNN,NNN,NNN,,canFam3
GTSP4326-1,CGAAACGTGAATGGCGGATGNNNNNNNNNNNNCTCCGCTTAAGGGACT,CGCGTAACTGTA,m,NNN,NNN,NNN,,canFam3
GTSP4326-2,CGAAACGTGAATGGCGGATGNNNNNNNNNNNNCTCCGCTTAAGGGACT,ACACATGTCTAC,m,NNN,NNN,NNN,,canFam3
GTSP4327-1,TGCTTTCGCGTGATCGAACCNNNNNNNNNNNNCTCCGCTTAAGGGACT,TGGCAGTTTGTT,m,NNN,NNN,NNN,,canFam3
GTSP4327-2,TGCTTTCGCGTGATCGAACCNNNNNNNNNNNNCTCCGCTTAAGGGACT,CACTGGTATATC,m,NNN,NNN,NNN,,canFam3
GTSP4328-1,GCTACGTTCGGAGAACATCCNNNNNNNNNNNNCTCCGCTTAAGGGACT,CGTTCAATCCAA,m,NNN,NNN,NNN,,canFam3
GTSP4328-2,GCTACGTTCGGAGAACATCCNNNNNNNNNNNNCTCCGCTTAAGGGACT,GTAGTGTCTAGC,m,NNN,NNN,NNN,,canFam3
GTSP4329-1,AGGTTCGACACCTAGTGGAGNNNNNNNNNNNNCTCCGCTTAAGGGACT,GCCGTTCTTCCA,m,NNN,NNN,NNN,,canFam3
GTSP4329-2,AGGTTCGACACCTAGTGGAGNNNNNNNNNNNNCTCCGCTTAAGGGACT,GAGTTAGGGAAG,m,NNN,NNN,NNN,,canFam3
GTSP4330-1,GCTATCTGTTCGCGTAGACCNNNNNNNNNNNNCTCCGCTTAAGGGACT,GTCTTCGTCGCT,m,NNN,NNN,NNN,,canFam3
GTSP4330-2,GCTATCTGTTCGCGTAGACCNNNNNNNNNNNNCTCCGCTTAAGGGACT,TATTGCTCCTCC,m,NNN,NNN,NNN,,canFam3
NoTemplateControl1-1,TAGGTCGTGTACCTCAAGCGNNNNNNNNNNNNCTCCGCTTAAGGGACT,AACAGCCGGTCA,m,NNN,NNN,NNN,,canFam3
NoTemplateControl1-2,TAGGTCGTGTACCTCAAGCGNNNNNNNNNNNNCTCCGCTTAAGGGACT,CGATCGAGTGTT,m,NNN,NNN,NNN,,canFam3
NoTemplateControl2-1,GCGATTTCGCATGACGGGTANNNNNNNNNNNNCTCCGCTTAAGGGACT,GCAAGCCGATTG,m,NNN,NNN,NNN,,canFam3
NoTemplateControl2-2,GCGATTTCGCATGACGGGTANNNNNNNNNNNNCTCCGCTTAAGGGACT,AGGTAGTCCTCA,m,NNN,NNN,NNN,,canFam3
NoTemplateControl3-1,CATCCGGTGAACGTTTGGGANNNNNNNNNNNNCTCCGCTTAAGGGACT,TCCTACTCCGGT,m,NNN,NNN,NNN,,canFam3
NoTemplateControl3-2,CATCCGGTGAACGTTTGGGANNNNNNNNNNNNCTCCGCTTAAGGGACT,ATTTGGGTCATC,m,NNN,NNN,NNN,,canFam3
